Workbook

Sheet 首页
C3: 基础属性 | D3: 血量 | E3: 攻击 | F3: 物理防御 | G3: 魔法防御 | J3: 人物属性 | K3: 属性占比 | L3: 血量占比 | M3: 血量最大值 | N3: 攻击最大值 | O3: 防御最大值
D4: =(E4-F4)*D7 -> 1400 | E4: 100 | F4: 30 | G4: 30 | J4: 基础属性 | K4: 5 | L4: 5 | M4: =L4*$D$4 -> 7000 | N4: =K4*$E$4 -> 500 | O4: =G4*K4 -> 150
J5: 升级属性 | K5: 10 | L5: 20 | M5: =L5*$D$4 -> 28000 | N5: =K5*$E$4 -> 1000 | O5: =G4*K5 -> 300
C6: 期待回合数 | D6: 总数回合 | E6: 普通 | F6: 技能 | J6: 装备属性 | K6: 40 | L6: 30 | M6: =L6*$D$4 -> 42000 | N6: =K6*$E$4 -> 4000 | O6: =$G$4*K6 -> 1200
D7: =E7+F7 -> 20 | E7: 12 | F7: 8
J8: 总属性 | K8: =SUM(K$4:K$7) -> 55 | L8: =SUM(L$4:L$7) -> 55 | M8: =SUM(M$4:M$7) -> 77000 | N8: =SUM(N$4:N$7) -> 5500 | O8: =SUM(O$4:O$7) -> 1650 | P8: 验证回合数 | Q8: =M8/(N8-O8) -> 20

Sheet 属性
A1: 等级 | B1: 血量系数 | C1: 属性系数 | D1: 血量 | E1: 攻击 | F1: 物防 | G1: 魔防
A2: 1 | B2: 5 | C2: 5 | D2: =ROUND(首页!D$4*$B2,0) -> 7000 | E2: =ROUND(首页!E$4*$B2,0) -> 500 | F2: =ROUND(首页!F$4*$B2,0) -> 150 | G2: =ROUND(首页!G$4*$B2,0) -> 150
A3: 2 | B3: =B2+0.25 -> 5.25 | C3: =C2+0.12 -> 5.12 | D3: =ROUND(首页!D$4*$B3,0) -> 7350 | E3: =ROUND(首页!E$4*$B3,0) -> 525 | F3: =ROUND(首页!F$4*$B3,0) -> 158 | G3: =ROUND(首页!G$4*$B3,0) -> 158
A4: 3 | B4: =B3+0.25 -> 5.5 | C4: =C3+0.12 -> 5.24 | D4: =ROUND(首页!D$4*$B4,0) -> 7700 | E4: =ROUND(首页!E$4*$B4,0) -> 550 | F4: =ROUND(首页!F$4*$B4,0) -> 165 | G4: =ROUND(首页!G$4*$B4,0) -> 165
A5: 4 | B5: =B4+0.25 -> 5.75 | C5: =C4+0.12 -> 5.36 | D5: =ROUND(首页!D$4*$B5,0) -> 8050 | E5: =ROUND(首页!E$4*$B5,0) -> 575 | F5: =ROUND(首页!F$4*$B5,0) -> 173 | G5: =ROUND(首页!G$4*$B5,0) -> 173
A6: 5 | B6: =B5+0.25 -> 6 | C6: =C5+0.12 -> 5.48 | D6: =ROUND(首页!D$4*$B6,0) -> 8400 | E6: =ROUND(首页!E$4*$B6,0) -> 600 | F6: =ROUND(首页!F$4*$B6,0) -> 180 | G6: =ROUND(首页!G$4*$B6,0) -> 180
A7: 6 | B7: =B6+0.25 -> 6.25 | C7: =C6+0.12 -> 5.6 | D7: =ROUND(首页!D$4*$B7,0) -> 8750 | E7: =ROUND(首页!E$4*$B7,0) -> 625 | F7: =ROUND(首页!F$4*$B7,0) -> 188 | G7: =ROUND(首页!G$4*$B7,0) -> 188
A8: 7 | B8: =B7+0.25 -> 6.5 | C8: =C7+0.12 -> 5.72 | D8: =ROUND(首页!D$4*$B8,0) -> 9100 | E8: =ROUND(首页!E$4*$B8,0) -> 650 | F8: =ROUND(首页!F$4*$B8,0) -> 195 | G8: =ROUND(首页!G$4*$B8,0) -> 195
A9: 8 | B9: =B8+0.25 -> 6.75 | C9: =C8+0.12 -> 5.84 | D9: =ROUND(首页!D$4*$B9,0) -> 9450 | E9: =ROUND(首页!E$4*$B9,0) -> 675 | F9: =ROUND(首页!F$4*$B9,0) -> 203 | G9: =ROUND(首页!G$4*$B9,0) -> 203
A10: 9 | B10: =B9+0.25 -> 7 | C10: =C9+0.12 -> 5.96 | D10: =ROUND(首页!D$4*$B10,0) -> 9800 | E10: =ROUND(首页!E$4*$B10,0) -> 700 | F10: =ROUND(首页!F$4*$B10,0) -> 210 | G10: =ROUND(首页!G$4*$B10,0) -> 210
A11: 10 | B11: =B10+0.25 -> 7.25 | C11: =C10+0.12 -> 6.08 | D11: =ROUND(首页!D$4*$B11,0) -> 10150 | E11: =ROUND(首页!E$4*$B11,0) -> 725 | F11: =ROUND(首页!F$4*$B11,0) -> 218 | G11: =ROUND(首页!G$4*$B11,0) -> 218
A12: 11 | B12: =B11+0.25 -> 7.5 | C12: =C11+0.12 -> 6.2 | D12: =ROUND(首页!D$4*$B12,0) -> 10500 | E12: =ROUND(首页!E$4*$B12,0) -> 750 | F12: =ROUND(首页!F$4*$B12,0) -> 225 | G12: =ROUND(首页!G$4*$B12,0) -> 225
A13: 12 | B13: =B12+0.25 -> 7.75 | C13: =C12+0.12 -> 6.32 | D13: =ROUND(首页!D$4*$B13,0) -> 10850 | E13: =ROUND(首页!E$4*$B13,0) -> 775 | F13: =ROUND(首页!F$4*$B13,0) -> 233 | G13: =ROUND(首页!G$4*$B13,0) -> 233
A14: 13 | B14: =B13+0.25 -> 8 | C14: =C13+0.12 -> 6.44 | D14: =ROUND(首页!D$4*$B14,0) -> 11200 | E14: =ROUND(首页!E$4*$B14,0) -> 800 | F14: =ROUND(首页!F$4*$B14,0) -> 240 | G14: =ROUND(首页!G$4*$B14,0) -> 240
... A71: 70 | B71: =B70+0.25 -> 22.25 | C71: =C70+0.12 -> 13.28 | D71: =ROUND(首页!D$4*$B71,0) -> 31150 | E71: =ROUND(首页!E$4*$B71,0) -> 2225 | F71: =ROUND(首页!F$4*$B71,0) -> 668 | G71: =ROUND(首页!G$4*$B71,0) -> 668

Sheet 装备属性
B2: 装备等级 | C2: 血量占比 | D2: 属性占比 | F2: 血量 | G2: 攻击 | H2: 物防 | I2: 魔防 | L2: 血量 | M2: 攻击 | N2: 物防 | O2: 魔防 | P2: 系数 | R2: 护甲类型 | S2: 血量 | T2: 最大攻击 | U2: 最大物防 | V2: 最小魔防 | X2: 属性均衡系数
B3: 1 | C3: 3.4 | D3: 5 | F3: =ROUND(首页!D$4*$C3,0) -> 4760 | G3: =ROUND(首页!E$4*$C3,0) -> 340 | H3: =ROUND(首页!F$4*$C3,0) -> 102 | I3: =ROUND(首页!G$4*$C3,0) -> 102 | K3: 头盔 | L3: 0.3 | N3: 0.5 | P3: =SUM(L3:O3) -> 0.8 | R3: 布甲 | S3: 0.5 | T3: 1.35 | U3: 0.75 | V3: 0.75 | X3: =T3+(U3+V3+S3)/3 -> 2.0166667
B4: 10 | C4: =C3+3.8 -> 7.2 | D4: 10 | F4: =ROUND(首页!D$4*$C4,0) -> 10080 | G4: =ROUND(首页!E$4*$C4,0) -> 720 | H4: =ROUND(首页!F$4*$C4,0) -> 216 | I4: =ROUND(首页!G$4*$C4,0) -> 216 | K4: 武器 | M4: 0.5 | P4: =SUM(L4:O4) -> 0.5 | R4: 轻甲 | S4: 1 | T4: 1 | U4: 1 | V4: 1 | X4: =T4+(U4+V4+S4)/3 -> 2
B5: 20 | C5: =C4+3.8 -> 11 | D5: 15 | F5: =ROUND(首页!D$4*$C5,0) -> 15400 | G5: =ROUND(首页!E$4*$C5,0) -> 1100 | H5: =ROUND(首页!F$4*$C5,0) -> 330 | I5: =ROUND(首页!G$4*$C5,0) -> 330 | K5: 衣服 | L5: 0.5 | N5: 0.3 | P5: =SUM(L5:O5) -> 0.8 | R5: 重甲 | S5: 1.5 | T5: 0.75 | U5: 1.25 | V5: 1.25 | X5: =T5+(U5+V5+S5)/3 -> 2.0833333
B6: 30 | C6: =C5+3.8 -> 14.8 | D6: 20 | F6: =ROUND(首页!D$4*$C6,0) -> 20720 | G6: =ROUND(首页!E$4*$C6,0) -> 1480 | H6: =ROUND(首页!F$4*$C6,0) -> 444 | I6: =ROUND(首页!G$4*$C6,0) -> 444 | K6: 项链 | M6: 0.3 | O6: 0.3 | P6: =SUM(L6:O6) -> 0.6
B7: 40 | C7: =C6+3.8 -> 18.6 | D7: 25 | F7: =ROUND(首页!D$4*$C7,0) -> 26040 | G7: =ROUND(首页!E$4*$C7,0) -> 1860 | H7: =ROUND(首页!F$4*$C7,0) -> 558 | I7: =ROUND(首页!G$4*$C7,0) -> 558 | K7: 戒指 | M7: 0.2 | O7: 0.5 | P7: =SUM(L7:O7) -> 0.7
B8: 50 | C8: =C7+3.8 -> 22.4 | D8: 30 | F8: =ROUND(首页!D$4*$C8,0) -> 31360 | G8: =ROUND(首页!E$4*$C8,0) -> 2240 | H8: =ROUND(首页!F$4*$C8,0) -> 672 | I8: =ROUND(首页!G$4*$C8,0) -> 672 | K8: 鞋子 | L8: 0.2 | N8: 0.2 | O8: 0.2 | P8: =SUM(L8:O8) -> 0.6
B9: 60 | C9: =C8+3.8 -> 26.2 | D9: 35 | F9: =ROUND(首页!D$4*$C9,0) -> 36680 | G9: =ROUND(首页!E$4*$C9,0) -> 2620 | H9: =ROUND(首页!F$4*$C9,0) -> 786 | I9: =ROUND(首页!G$4*$C9,0) -> 786
B10: 70 | C10: =C9+3.8 -> 30 | D10: 40 | F10: =ROUND(首页!D$4*$C10,0) -> 42000 | G10: =ROUND(首页!E$4*$C10,0) -> 3000 | H10: =ROUND(首页!F$4*$C10,0) -> 900 | I10: =ROUND(首页!G$4*$C10,0) -> 900 | K10: 累计总合 | L10: =SUM(L3:L8) -> 1 | M10: =SUM(M3:M8) -> 1 | N10: =SUM(N3:N8) -> 1 | O10: =SUM(O3:O8) -> 1 | P10: =SUM(P3:P8) -> 4
B14: 品质 | C14: 品质系数 | K14: 基础装备属性 | L14: 血量 | M14: 最大攻击 | N14: 最大物防 | O14: 最小魔防
B15: 绿色 | C15: 0.7 | K15: 头盔 | L15: =ROUND(L3*F$3,0) -> 1428 | M15: =ROUND(M3*G$3,0) -> 0 | N15: =ROUND(N3*H$3,0) -> 51 | O15: =ROUND(O3*I$3,0) -> 0
B16: 蓝色 | C16: 0.8 | K16: 武器 | L16: =ROUND(L4*F$3,0) -> 0 | M16: =ROUND(M4*G$3,0) -> 170 | N16: =ROUND(N4*H$3,0) -> 0 | O16: =ROUND(O4*I$3,0) -> 0
B17: 紫色 | C17: 1 | K17: 衣服 | L17: =ROUND(L5*F$3,0) -> 2380 | M17: =ROUND(M5*G$3,0) -> 0 | N17: =ROUND(N5*H$3,0) -> 31 | O17: =ROUND(O5*I$3,0) -> 0
B18: 橙色 | C18: 1.2 | K18: 项链 | L18: =ROUND(L6*F$3,0) -> 0 | M18: =ROUND(M6*G$3,0) -> 102 | N18: =ROUND(N6*H$3,0) -> 0 | O18: =ROUND(O6*I$3,0) -> 31
K19: 戒指 | L19: =ROUND(L7*F$3,0) -> 0 | M19: =ROUND(M7*G$3,0) -> 68 | N19: =ROUND(N7*H$3,0) -> 0 | O19: =ROUND(O7*I$3,0) -> 51
K20: 鞋子 | L20: =ROUND(L8*F$3,0) -> 952 | M20: =ROUND(M8*G$3,0) -> 0 | N20: =ROUND(N8*H$3,0) -> 20 | O20: =ROUND(O8*I$3,0) -> 20

Sheet 怪物属性
A1: 索引系数 | B1: 怪物等级 | C1: 递增系数 | D1: 血量系数 | E1: 递增系数 | F1: 属性系数 | G1: 血量 | H1: 攻击 | I1: 物防 | J1: 魔防 | N1: 等级 | O1: 系数
A2: =100+B2 -> 101 | B2: 1 | C2: 0.5 | D2: 1 | E2: 0 | F2: =D2 -> 1 | G2: =$D2*[1]总表!D$4 -> 1050 | H2: =$F2*[1]总表!E$4 -> 100 | I2: =$F2*[1]总表!F$4 -> 30 | J2: =$F2*[1]总表!G$4 -> 30 | N2: 1 | O2: 5 | P2: 1 | Q2: =P2+O2 -> 6 | S2: =LOOKUP(N2,$B$2:$B$71,$F$2:$F$71) -> 1
A3: =100+B3 -> 102 | B3: 2 | C3: 0.5 | D3: =D2+C2 -> 1.5 | E3: 0.5 | F3: =E3+F2 -> 1.5 | G3: =$D3*[1]总表!D$4 -> 1575 | H3: =$F3*[1]总表!E$4 -> 150 | I3: =$F3*[1]总表!F$4 -> 45 | J3: =$F3*[1]总表!G$4 -> 45 | N3: 10 | O3: 10 | P3: 3 | Q3: =P3+O3 -> 13 | S3: =LOOKUP(N3,$B$2:$B$71,$F$2:$F$71) -> 8
A4: =100+B4 -> 103 | B4: 3 | C4: 0.5 | D4: =D3+C3 -> 2 | E4: 0.5 | F4: =E4+F3 -> 2 | G4: =$D4*[1]总表!D$4 -> 2100 | H4: =$F4*[1]总表!E$4 -> 200 | I4: =$F4*[1]总表!F$4 -> 60 | J4: =$F4*[1]总表!G$4 -> 60 | N4: 20 | O4: 15 | P4: 5 | Q4: =P4+O4 -> 20 | S4: =LOOKUP(N4,$B$2:$B$71,$F$2:$F$71) -> 19
A5: =100+B5 -> 104 | B5: 4 | C5: 0.5 | D5: =D4+C4 -> 2.5 | E5: 0.5 | F5: =E5+F4 -> 2.5 | G5: =$D5*[1]总表!D$4 -> 2625 | H5: =$F5*[1]总表!E$4 -> 250 | I5: =$F5*[1]总表!F$4 -> 75 | J5: =$F5*[1]总表!G$4 -> 75 | N5: 30 | O5: 20 | P5: 7 | Q5: =P5+O5 -> 27 | S5: =LOOKUP(N5,$B$2:$B$71,$F$2:$F$71) -> 26.5
A6: =100+B6 -> 105 | B6: 5 | C6: 0.5 | D6: =D5+C5 -> 3 | E6: 0.5 | F6: =E6+F5 -> 3 | G6: =$D6*[1]总表!D$4 -> 3150 | H6: =$F6*[1]总表!E$4 -> 300 | I6: =$F6*[1]总表!F$4 -> 90 | J6: =$F6*[1]总表!G$4 -> 90 | N6: 40 | O6: 25 | P6: 9 | Q6: =P6+O6 -> 34 | S6: =LOOKUP(N6,$B$2:$B$71,$F$2:$F$71) -> 35
A7: =100+B7 -> 106 | B7: 6 | C7: 0.5 | D7: =D6+C6 -> 3.5 | E7: 1 | F7: =E7+F6 -> 4 | G7: =$D7*[1]总表!D$4 -> 3675 | H7: =$F7*[1]总表!E$4 -> 400 | I7: =$F7*[1]总表!F$4 -> 120 | J7: =$F7*[1]总表!G$4 -> 120 | N7: 50 | O7: 30 | P7: 11 | Q7: =P7+O7 -> 41 | S7: =LOOKUP(N7,$B$2:$B$71,$F$2:$F$71) -> 43.5
A8: =100+B8 -> 107 | B8: 7 | C8: 0.5 | D8: =D7+C7 -> 4 | E8: 1 | F8: =E8+F7 -> 5 | G8: =$D8*[1]总表!D$4 -> 4200 | H8: =$F8*[1]总表!E$4 -> 500 | I8: =$F8*[1]总表!F$4 -> 150 | J8: =$F8*[1]总表!G$4 -> 150 | N8: 60 | O8: 35 | P8: 13 | Q8: =P8+O8 -> 48 | S8: =LOOKUP(N8,$B$2:$B$71,$F$2:$F$71) -> 53
A9: =100+B9 -> 108 | B9: 8 | C9: 0.5 | D9: =D8+C8 -> 4.5 | E9: 1 | F9: =E9+F8 -> 6 | G9: =$D9*[1]总表!D$4 -> 4725 | H9: =$F9*[1]总表!E$4 -> 600 | I9: =$F9*[1]总表!F$4 -> 180 | J9: =$F9*[1]总表!G$4 -> 180 | N9: 70 | O9: 40 | P9: 15 | Q9: =P9+O9 -> 55 | S9: =LOOKUP(N9,$B$2:$B$71,$F$2:$F$71) -> 58
A10: =100+B10 -> 109 | B10: 9 | C10: 0.5 | D10: =D9+C9 -> 5 | E10: 1 | F10: =E10+F9 -> 7 | G10: =$D10*[1]总表!D$4 -> 5250 | H10: =$F10*[1]总表!E$4 -> 700 | I10: =$F10*[1]总表!F$4 -> 210 | J10: =$F10*[1]总表!G$4 -> 210
A11: =100+B11 -> 110 | B11: 10 | C11: 0.5 | D11: =D10+C10 -> 5.5 | E11: 1 | F11: =E11+F10 -> 8 | G11: =$D11*[1]总表!D$4 -> 5775 | H11: =$F11*[1]总表!E$4 -> 800 | I11: =$F11*[1]总表!F$4 -> 240 | J11: =$F11*[1]总表!G$4 -> 240
A12: =100+B12 -> 111 | B12: 11 | C12: 0.5 | D12: =D11+C11 -> 6 | E12: 1 | F12: =E12+F11 -> 9 | G12: =$D12*[1]总表!D$4 -> 6300 | H12: =$F12*[1]总表!E$4 -> 900 | I12: =$F12*[1]总表!F$4 -> 270 | J12: =$F12*[1]总表!G$4 -> 270
A13: =100+B13 -> 112 | B13: 12 | C13: 0.5 | D13: =D12+C12 -> 6.5 | E13: 1 | F13: =E13+F12 -> 10 | G13: =$D13*[1]总表!D$4 -> 6825 | H13: =$F13*[1]总表!E$4 -> 1000 | I13: =$F13*[1]总表!F$4 -> 300 | J13: =$F13*[1]总表!G$4 -> 300
A14: =100+B14 -> 113 | B14: 13 | C14: 0.5 | D14: =D13+C13 -> 7 | E14: 1 | F14: =E14+F13 -> 11 | G14: =$D14*[1]总表!D$4 -> 7350 | H14: =$F14*[1]总表!E$4 -> 1100 | I14: =$F14*[1]总表!F$4 -> 330 | J14: =$F14*[1]总表!G$4 -> 330
A15: =100+B15 -> 114 | B15: 14 | C15: 0.5 | D15: =D14+C14 -> 7.5 | E15: 1 | F15: =E15+F14 -> 12 | G15: =$D15*[1]总表!D$4 -> 7875 | H15: =$F15*[1]总表!E$4 -> 1200 | I15: =$F15*[1]总表!F$4 -> 360 | J15: =$F15*[1]总表!G$4 -> 360
A16: =100+B16 -> 115 | B16: 15 | C16: 0.5 | D16: =D15+C15 -> 8 | E16: 1 | F16: =E16+F15 -> 13 | G16: =$D16*[1]总表!D$4 -> 8400 | H16: =$F16*[1]总表!E$4 -> 1300 | I16: =$F16*[1]总表!F$4 -> 390 | J16: =$F16*[1]总表!G$4 -> 390
A17: =100+B17 -> 116 | B17: 16 | C17: 0.5 | D17: =D16+C16 -> 8.5 | E17: 1 | F17: =E17+F16 -> 14 | G17: =$D17*[1]总表!D$4 -> 8925 | H17: =$F17*[1]总表!E$4 -> 1400 | I17: =$F17*[1]总表!F$4 -> 420 | J17: =$F17*[1]总表!G$4 -> 420
A18: =100+B18 -> 117 | B18: 17 | C18: 0.5 | D18: =D17+C17 -> 9 | E18: 1 | F18: =E18+F17 -> 15 | G18: =$D18*[1]总表!D$4 -> 9450 | H18: =$F18*[1]总表!E$4 -> 1500 | I18: =$F18*[1]总表!F$4 -> 450 | J18: =$F18*[1]总表!G$4 -> 450
A19: =100+B19 -> 118 | B19: 18 | C19: 0.5 | D19: =D18+C18 -> 9.5 | E19: 1 | F19: =E19+F18 -> 16 | G19: =$D19*[1]总表!D$4 -> 9975 | H19: =$F19*[1]总表!E$4 -> 1600 | I19: =$F19*[1]总表!F$4 -> 480 | J19: =$F19*[1]总表!G$4 -> 480
A20: =100+B20 -> 119 | B20: 19 | C20: 0.5 | D20: =D19+C19 -> 10 | E20: 1 | F20: =E20+F19 -> 17 | G20: =$D20*[1]总表!D$4 -> 10500 | H20: =$F20*[1]总表!E$4 -> 1700 | I20: =$F20*[1]总表!F$4 -> 510 | J20: =$F20*[1]总表!G$4 -> 510
A21: =100+B21 -> 120 | B21: 20 | C21: 0.5 | D21: =D20+C20 -> 10.5 | E21: 2 | F21: =E21+F20 -> 19 | G21: =$D21*[1]总表!D$4 -> 11025 | H21: =$F21*[1]总表!E$4 -> 1900 | I21: =$F21*[1]总表!F$4 -> 570 | J21: =$F21*[1]总表!G$4 -> 570
... A71: =100+B71 -> 170 | B71: 70 | C71: 1 | D71: =D70+C70 -> 72 | E71: 0.5 | F71: =E71+F70 -> 58 | G71: =$D71*[1]总表!D$4 -> 75600 | H71: =$F71*[1]总表!E$4 -> 5800 | I71: =$F71*[1]总表!F$4 -> 1740 | J71: =$F71*[1]总表!G$4 -> 1740
B74: 怪物等级 | C74: BOSS血量系数 | D74: BOSS属性系数 | E74: 血量 | F74: 攻击 | G74: 物防 | H74: 魔防
A75: =B75+300 -> 301 | B75: 1 | C75: 8 | D75: 1.25 | E75: =C75*G2 -> 8400 | F75: =ROUND($D75*H2,0) -> 125 | G75: =ROUND($D75*I2,0) -> 38 | H75: =ROUND($D75*J2,0) -> 38
A76: =B76+300 -> 302 | B76: 2 | C76: 8 | D76: 1.25 | E76: =C76*G3 -> 12600 | F76: =ROUND($D76*H3,0) -> 188 | G76: =ROUND($D76*I3,0) -> 56 | H76: =ROUND($D76*J3,0) -> 56
A77: =B77+300 -> 303 | B77: 3 | C77: 8 | D77: 1.25 | E77: =C77*G4 -> 16800 | F77: =ROUND($D77*H4,0) -> 250 | G77: =ROUND($D77*I4,0) -> 75 | H77: =ROUND($D77*J4,0) -> 75
A78: =B78+300 -> 304 | B78: 4 | C78: 8 | D78: 1.25 | E78: =C78*G5 -> 21000 | F78: =ROUND($D78*H5,0) -> 313 | G78: =ROUND($D78*I5,0) -> 94 | H78: =ROUND($D78*J5,0) -> 94
A79: =B79+300 -> 305 | B79: 5 | C79: 8 | D79: 1.25 | E79: =C79*G6 -> 25200 | F79: =ROUND($D79*H6,0) -> 375 | G79: =ROUND($D79*I6,0) -> 113 | H79: =ROUND($D79*J6,0) -> 113
A80: =B80+300 -> 306 | B80: 6 | C80: 8 | D80: 1.25 | E80: =C80*G7 -> 29400 | F80: =ROUND($D80*H7,0) -> 500 | G80: =ROUND($D80*I7,0) -> 150 | H80: =ROUND($D80*J7,0) -> 150
A81: =B81+300 -> 307 | B81: 7 | C81: 8 | D81: 1.25 | E81: =C81*G8 -> 33600 | F81: =ROUND($D81*H8,0) -> 625 | G81: =ROUND($D81*I8,0) -> 188 | H81: =ROUND($D81*J8,0) -> 188
A82: =B82+300 -> 308 | B82: 8 | C82: 8 | D82: 1.25 | E82: =C82*G9 -> 37800 | F82: =ROUND($D82*H9,0) -> 750 | G82: =ROUND($D82*I9,0) -> 225 | H82: =ROUND($D82*J9,0) -> 225
A83: =B83+300 -> 309 | B83: 9 | C83: 8 | D83: 1.25 | E83: =C83*G10 -> 42000 | F83: =ROUND($D83*H10,0) -> 875 | G83: =ROUND($D83*I10,0) -> 263 | H83: =ROUND($D83*J10,0) -> 263
A84: =B84+300 -> 310 | B84: 10 | C84: 8 | D84: 1.25 | E84: =C84*G11 -> 46200 | F84: =ROUND($D84*H11,0) -> 1000 | G84: =ROUND($D84*I11,0) -> 300 | H84: =ROUND($D84*J11,0) -> 300
A85: =B85+300 -> 311 | B85: 11 | C85: 8 | D85: 1.25 | E85: =C85*G12 -> 50400 | F85: =ROUND($D85*H12,0) -> 1125 | G85: =ROUND($D85*I12,0) -> 338 | H85: =ROUND($D85*J12,0) -> 338
A86: =B86+300 -> 312 | B86: 12 | C86: 8 | D86: 1.25 | E86: =C86*G13 -> 54600 | F86: =ROUND($D86*H13,0) -> 1250 | G86: =ROUND($D86*I13,0) -> 375 | H86: =ROUND($D86*J13,0) -> 375
... A144: =B144+300 -> 370 | B144: 70 | C144: 8 | D144: 1.25 | E144: =C144*G71 -> 604800 | F144: =ROUND($D144*H71,0) -> 7250 | G144: =ROUND($D144*I71,0) -> 2175 | H144: =ROUND($D144*J71,0) -> 2175
