Workbook

Sheet 首页
A1: 等级 | B1: 升级时间 | C1: 当前等级金币产出 | D1: 累计金币产出 | E1: 每天金币产出 | F1: 单怪金币 | G1: 装备售价基础值 | H1: 单只怪物掉落装备金币 | I1: 当前等级任务数量 | J1: 当前等级任务产出金币 | L1: 材料售价系数 | M1: 材料售价 | N1: 单怪材料售价 | O1: 怪物掉落装备概率
A2: 1 | B2: =[1]首页经验!D2 -> 0.01 | C2: =E2*B2+J2*I2 -> 270 | D2: =SUM($C$2:C2) -> 270 | E2: =(H2+N2)*$R$4 -> 22000 | F2: =怪物金币!B2 -> 10 | G2: =F2*5 -> 50 | H2: =ROUND(G2*$R$2,0) -> 8 | I2: =任务金币!D2 -> 1 | J2: =I2*任务金币!C2 -> 50 | L2: 1 | M2: =ROUND(F2*L2,0) -> 10 | N2: =ROUND(M2*$R$3,0) -> 3 | O2: 0.1 | Q2: 单怪装备掉落大概率: | R2: 0.15
A3: 2 | B3: =[1]首页经验!D3 -> 0.02 | C3: =E3*B3+J3*I3 -> 625 | D3: =SUM($C$2:C3) -> 895 | E3: =(H3+N3)*$R$4 -> 28000 | F3: =怪物金币!B3 -> 13 | G3: =F3*5 -> 65 | H3: =ROUND(G3*$R$2,0) -> 10 | I3: =任务金币!D3 -> 1 | J3: =I3*任务金币!C3 -> 65 | L3: 1 | M3: =ROUND(F3*L3,0) -> 13 | N3: =ROUND(M3*$R$3,0) -> 4 | O3: 0.1 | Q3: 单怪掉落材料概率: | R3: 0.3
A4: 3 | B4: =[1]首页经验!D4 -> 0.03 | C4: =E4*B4+J4*I4 -> 1100 | D4: =SUM($C$2:C4) -> 1995 | E4: =(H4+N4)*$R$4 -> 34000 | F4: =怪物金币!B4 -> 16 | G4: =F4*5 -> 80 | H4: =ROUND(G4*$R$2,0) -> 12 | I4: =任务金币!D4 -> 1 | J4: =I4*任务金币!C4 -> 80 | L4: 1 | M4: =ROUND(F4*L4,0) -> 16 | N4: =ROUND(M4*$R$3,0) -> 5 | O4: 0.1 | Q4: 每天杀怪数量: | R4: 2000
A5: 4 | B5: =[1]首页经验!D5 -> 0.04 | C5: =E5*B5+J5*I5 -> 2360 | D5: =SUM($C$2:C5) -> 4355 | E5: =(H5+N5)*$R$4 -> 40000 | F5: =怪物金币!B5 -> 19 | G5: =F5*5 -> 95 | H5: =ROUND(G5*$R$2,0) -> 14 | I5: =任务金币!D5 -> 2 | J5: =I5*任务金币!C5 -> 380 | L5: 1 | M5: =ROUND(F5*L5,0) -> 19 | N5: =ROUND(M5*$R$3,0) -> 6 | O5: 0.1
A6: 5 | B6: =[1]首页经验!D6 -> 0.05 | C6: =E6*B6+J6*I6 -> 3280 | D6: =SUM($C$2:C6) -> 7635 | E6: =(H6+N6)*$R$4 -> 48000 | F6: =怪物金币!B6 -> 22 | G6: =F6*5 -> 110 | H6: =ROUND(G6*$R$2,0) -> 17 | I6: =任务金币!D6 -> 2 | J6: =I6*任务金币!C6 -> 440 | L6: 1 | M6: =ROUND(F6*L6,0) -> 22 | N6: =ROUND(M6*$R$3,0) -> 7 | O6: 0.1
A7: 6 | B7: =[1]首页经验!D7 -> 0.06 | C7: =E7*B7+J7*I7 -> 4240 | D7: =SUM($C$2:C7) -> 11875 | E7: =(H7+N7)*$R$4 -> 54000 | F7: =怪物金币!B7 -> 25 | G7: =F7*5 -> 125 | H7: =ROUND(G7*$R$2,0) -> 19 | I7: =任务金币!D7 -> 2 | J7: =I7*任务金币!C7 -> 500 | L7: 1 | M7: =ROUND(F7*L7,0) -> 25 | N7: =ROUND(M7*$R$3,0) -> 8 | O7: 0.1
A8: 7 | B8: =[1]首页经验!D8 -> 0.07 | C8: =E8*B8+J8*I8 -> 7840 | D8: =SUM($C$2:C8) -> 19715 | E8: =(H8+N8)*$R$4 -> 58000 | F8: =怪物金币!B8 -> 28 | G8: =F8*5 -> 140 | H8: =ROUND(G8*$R$2,0) -> 21 | I8: =任务金币!D8 -> 3 | J8: =I8*任务金币!C8 -> 1260 | L8: 1 | M8: =ROUND(F8*L8,0) -> 28 | N8: =ROUND(M8*$R$3,0) -> 8 | O8: 0.1 | Q8: 装备售价品质系数 | R8: 装备售价系数 | S8: 道具售价系数
A9: 8 | B9: =[1]首页经验!D9 -> 0.08 | C9: =E9*B9+J9*I9 -> 9305 | D9: =SUM($C$2:C9) -> 29020 | E9: =(H9+N9)*$R$4 -> 64000 | F9: =怪物金币!B9 -> 31 | G9: =F9*5 -> 155 | H9: =ROUND(G9*$R$2,0) -> 23 | I9: =任务金币!D9 -> 3 | J9: =I9*任务金币!C9 -> 1395 | L9: 1 | M9: =ROUND(F9*L9,0) -> 31 | N9: =ROUND(M9*$R$3,0) -> 9 | O9: 0.1 | Q9: 1 | R9: 0.75 | S9: 0.75
A10: 9 | B10: =[1]首页经验!D10 -> 0.09 | C10: =E10*B10+J10*I10 -> 11070 | D10: =SUM($C$2:C10) -> 40090 | E10: =(H10+N10)*$R$4 -> 72000 | F10: =怪物金币!B10 -> 34 | G10: =F10*5 -> 170 | H10: =ROUND(G10*$R$2,0) -> 26 | I10: =任务金币!D10 -> 3 | J10: =I10*任务金币!C10 -> 1530 | L10: 1 | M10: =ROUND(F10*L10,0) -> 34 | N10: =ROUND(M10*$R$3,0) -> 10 | O10: 0.1 | Q10: 2 | R10: 1 | S10: 1
A11: 10 | B11: =[1]首页经验!D11 -> 0.1 | C11: =E11*B11+J11*I11 -> 14460 | D11: =SUM($C$2:C11) -> 54550 | E11: =(H11+N11)*$R$4 -> 78000 | F11: =怪物金币!B11 -> 37 | G11: =F11*5 -> 185 | H11: =ROUND(G11*$R$2,0) -> 28 | I11: =任务金币!D11 -> 3 | J11: =I11*任务金币!C11 -> 2220 | L11: 1 | M11: =ROUND(F11*L11,0) -> 37 | N11: =ROUND(M11*$R$3,0) -> 11 | O11: 0.1 | Q11: 3 | R11: 2.5 | S11: 3
A12: 11 | B12: =[1]首页经验!D12 -> 0.11 | C12: =E12*B12+J12*I12 -> 22040 | D12: =SUM($C$2:C12) -> 76590 | E12: =(H12+N12)*$R$4 -> 84000 | F12: =怪物金币!B12 -> 40 | G12: =F12*5 -> 200 | H12: =ROUND(G12*$R$2,0) -> 30 | I12: =任务金币!D12 -> 4 | J12: =I12*任务金币!C12 -> 3200 | L12: 1 | M12: =ROUND(F12*L12,0) -> 40 | N12: =ROUND(M12*$R$3,0) -> 12 | O12: 0.1 | Q12: 4 | R12: 5 | S12: 10
A13: 12 | B13: =[1]首页经验!D13 -> 0.12 | C13: =E13*B13+J13*I13 -> 24560 | D13: =SUM($C$2:C13) -> 101150 | E13: =(H13+N13)*$R$4 -> 90000 | F13: =怪物金币!B13 -> 43 | G13: =F13*5 -> 215 | H13: =ROUND(G13*$R$2,0) -> 32 | I13: =任务金币!D13 -> 4 | J13: =I13*任务金币!C13 -> 3440 | L13: 1 | M13: =ROUND(F13*L13,0) -> 43 | N13: =ROUND(M13*$R$3,0) -> 13 | O13: 0.1 | Q13: 5 | R13: 10 | S13: 20
A14: 13 | B14: =[1]首页经验!D14 -> 0.13 | C14: =E14*B14+J14*I14 -> 27460 | D14: =SUM($C$2:C14) -> 128610 | E14: =(H14+N14)*$R$4 -> 98000 | F14: =怪物金币!B14 -> 46 | G14: =F14*5 -> 230 | H14: =ROUND(G14*$R$2,0) -> 35 | I14: =任务金币!D14 -> 4 | J14: =I14*任务金币!C14 -> 3680 | L14: 1 | M14: =ROUND(F14*L14,0) -> 46 | N14: =ROUND(M14*$R$3,0) -> 14 | O14: 0.1
A15: 14 | B15: =[1]首页经验!D15 -> 0.14 | C15: =E15*B15+J15*I15 -> 30240 | D15: =SUM($C$2:C15) -> 158850 | E15: =(H15+N15)*$R$4 -> 104000 | F15: =怪物金币!B15 -> 49 | G15: =F15*5 -> 245 | H15: =ROUND(G15*$R$2,0) -> 37 | I15: =任务金币!D15 -> 4 | J15: =I15*任务金币!C15 -> 3920 | L15: 1 | M15: =ROUND(F15*L15,0) -> 49 | N15: =ROUND(M15*$R$3,0) -> 15 | O15: 0.1
A16: 15 | B16: =[1]首页经验!D16 -> 0.15 | C16: =E16*B16+J16*I16 -> 42500 | D16: =SUM($C$2:C16) -> 201350 | E16: =(H16+N16)*$R$4 -> 110000 | F16: =怪物金币!B16 -> 52 | G16: =F16*5 -> 260 | H16: =ROUND(G16*$R$2,0) -> 39 | I16: =任务金币!D16 -> 5 | J16: =I16*任务金币!C16 -> 5200 | L16: 1 | M16: =ROUND(F16*L16,0) -> 52 | N16: =ROUND(M16*$R$3,0) -> 16 | O16: 0.1
A17: 16 | B17: =[1]首页经验!D17 -> 0.16 | C17: =E17*B17+J17*I17 -> 46060 | D17: =SUM($C$2:C17) -> 247410 | E17: =(H17+N17)*$R$4 -> 116000 | F17: =怪物金币!B17 -> 55 | G17: =F17*5 -> 275 | H17: =ROUND(G17*$R$2,0) -> 41 | I17: =任务金币!D17 -> 5 | J17: =I17*任务金币!C17 -> 5500 | L17: 1 | M17: =ROUND(F17*L17,0) -> 55 | N17: =ROUND(M17*$R$3,0) -> 17 | O17: 0.1
A18: 17 | B18: =[1]首页经验!D18 -> 0.18 | C18: =E18*B18+J18*I18 -> 50960 | D18: =SUM($C$2:C18) -> 298370 | E18: =(H18+N18)*$R$4 -> 122000 | F18: =怪物金币!B18 -> 58 | G18: =F18*5 -> 290 | H18: =ROUND(G18*$R$2,0) -> 44 | I18: =任务金币!D18 -> 5 | J18: =I18*任务金币!C18 -> 5800 | L18: 1 | M18: =ROUND(F18*L18,0) -> 58 | N18: =ROUND(M18*$R$3,0) -> 17 | O18: 0.1
A19: 18 | B19: =[1]首页经验!D19 -> 0.2 | C19: =E19*B19+J19*I19 -> 56100 | D19: =SUM($C$2:C19) -> 354470 | E19: =(H19+N19)*$R$4 -> 128000 | F19: =怪物金币!B19 -> 61 | G19: =F19*5 -> 305 | H19: =ROUND(G19*$R$2,0) -> 46 | I19: =任务金币!D19 -> 5 | J19: =I19*任务金币!C19 -> 6100 | L19: 1 | M19: =ROUND(F19*L19,0) -> 61 | N19: =ROUND(M19*$R$3,0) -> 18 | O19: 0.1
A20: 19 | B20: =[1]首页经验!D20 -> 0.22 | C20: =E20*B20+J20*I20 -> 61480 | D20: =SUM($C$2:C20) -> 415950 | E20: =(H20+N20)*$R$4 -> 134000 | F20: =怪物金币!B20 -> 64 | G20: =F20*5 -> 320 | H20: =ROUND(G20*$R$2,0) -> 48 | I20: =任务金币!D20 -> 5 | J20: =I20*任务金币!C20 -> 6400 | L20: 1 | M20: =ROUND(F20*L20,0) -> 64 | N20: =ROUND(M20*$R$3,0) -> 19 | O20: 0.1
A21: 20 | B21: =[1]首页经验!D21 -> 0.24 | C21: =E21*B21+J21*I21 -> 67100 | D21: =SUM($C$2:C21) -> 483050 | E21: =(H21+N21)*$R$4 -> 140000 | F21: =怪物金币!B21 -> 67 | G21: =F21*5 -> 335 | H21: =ROUND(G21*$R$2,0) -> 50 | I21: =任务金币!D21 -> 5 | J21: =I21*任务金币!C21 -> 6700 | L21: 1 | M21: =ROUND(F21*L21,0) -> 67 | N21: =ROUND(M21*$R$3,0) -> 20 | O21: 0.1
A22: 21 | B22: =[1]首页经验!D22 -> 0.26 | C22: =E22*B22+J22*I22 -> 73480 | D22: =SUM($C$2:C22) -> 556530 | E22: =(H22+N22)*$R$4 -> 148000 | F22: =怪物金币!B22 -> 70 | G22: =F22*5 -> 350 | H22: =ROUND(G22*$R$2,0) -> 53 | I22: =任务金币!D22 -> 5 | J22: =I22*任务金币!C22 -> 7000 | L22: 1 | M22: =ROUND(F22*L22,0) -> 70 | N22: =ROUND(M22*$R$3,0) -> 21 | O22: 0.1
A23: 22 | B23: =[1]首页经验!D23 -> 0.28 | C23: =E23*B23+J23*I23 -> 79620 | D23: =SUM($C$2:C23) -> 636150 | E23: =(H23+N23)*$R$4 -> 154000 | F23: =怪物金币!B23 -> 73 | G23: =F23*5 -> 365 | H23: =ROUND(G23*$R$2,0) -> 55 | I23: =任务金币!D23 -> 5 | J23: =I23*任务金币!C23 -> 7300 | L23: 1 | M23: =ROUND(F23*L23,0) -> 73 | N23: =ROUND(M23*$R$3,0) -> 22 | O23: 0.1
A24: 23 | B24: =[1]首页经验!D24 -> 0.3 | C24: =E24*B24+J24*I24 -> 86000 | D24: =SUM($C$2:C24) -> 722150 | E24: =(H24+N24)*$R$4 -> 160000 | F24: =怪物金币!B24 -> 76 | G24: =F24*5 -> 380 | H24: =ROUND(G24*$R$2,0) -> 57 | I24: =任务金币!D24 -> 5 | J24: =I24*任务金币!C24 -> 7600 | L24: 1 | M24: =ROUND(F24*L24,0) -> 76 | N24: =ROUND(M24*$R$3,0) -> 23 | O24: 0.1
A25: 24 | B25: =[1]首页经验!D25 -> 0.32 | C25: =E25*B25+J25*I25 -> 92620 | D25: =SUM($C$2:C25) -> 814770 | E25: =(H25+N25)*$R$4 -> 166000 | F25: =怪物金币!B25 -> 79 | G25: =F25*5 -> 395 | H25: =ROUND(G25*$R$2,0) -> 59 | I25: =任务金币!D25 -> 5 | J25: =I25*任务金币!C25 -> 7900 | L25: 1 | M25: =ROUND(F25*L25,0) -> 79 | N25: =ROUND(M25*$R$3,0) -> 24 | O25: 0.1
... A71: 70 | B71: =[1]首页经验!D71 -> 2.52 | C71: =E71*B71+J71*I71 -> 1257620 | D71: =SUM($C$2:C71) -> 24970030 | E71: =(H71+N71)*$R$4 -> 456000 | F71: =怪物金币!B71 -> 217 | G71: =F71*5 -> 1085 | H71: =ROUND(G71*$R$2,0) -> 163 | I71: =任务金币!D71 -> 5 | J71: =I71*任务金币!C71 -> 21700 | L71: 1 | M71: =ROUND(F71*L71,0) -> 217 | N71: =ROUND(M71*$R$3,0) -> 65 | O71: 0.1

Sheet 任务金币
A1: 等级 | B1: 金币系数 | C1: 当前等级任务金币 | D1: 任务数量
A2: 1 | B2: 5 | C2: =怪物金币!B2*B2 -> 50 | D2: 1
A3: 2 | B3: 5 | C3: =怪物金币!B3*B3 -> 65 | D3: 1
A4: 3 | B4: 5 | C4: =怪物金币!B4*B4 -> 80 | D4: 1
A5: 4 | B5: 10 | C5: =怪物金币!B5*B5 -> 190 | D5: 2
A6: 5 | B6: 10 | C6: =怪物金币!B6*B6 -> 220 | D6: 2
A7: 6 | B7: 10 | C7: =怪物金币!B7*B7 -> 250 | D7: 2
A8: 7 | B8: 15 | C8: =怪物金币!B8*B8 -> 420 | D8: 3
A9: 8 | B9: 15 | C9: =怪物金币!B9*B9 -> 465 | D9: 3
A10: 9 | B10: 15 | C10: =怪物金币!B10*B10 -> 510 | D10: 3
A11: 10 | B11: 20 | C11: =怪物金币!B11*B11 -> 740 | D11: 3
A12: 11 | B12: 20 | C12: =怪物金币!B12*B12 -> 800 | D12: 4
A13: 12 | B13: 20 | C13: =怪物金币!B13*B13 -> 860 | D13: 4
... A71: 70 | B71: 20 | C71: =怪物金币!B71*B71 -> 4340 | D71: 5

Sheet 怪物金币
A1: 等级 | B1: 单怪金币
A2: 1 | B2: 10
A3: 2 | B3: =B2+3 -> 13
A4: 3 | B4: =B3+3 -> 16
A5: 4 | B5: =B4+3 -> 19
A6: 5 | B6: =B5+3 -> 22
A7: 6 | B7: =B6+3 -> 25
A8: 7 | B8: =B7+3 -> 28
A9: 8 | B9: =B8+3 -> 31
A10: 9 | B10: =B9+3 -> 34
A11: 10 | B11: =B10+3 -> 37
A12: 11 | B12: =B11+3 -> 40
A13: 12 | B13: =B12+3 -> 43
A14: 13 | B14: =B13+3 -> 46
... A71: 70 | B71: =B70+3 -> 217
