Workbook

Sheet 首页经验
A1: 等级 | B1: 总经验 | C1: 优化J经验显示 | D1: 期望升级天数 | E1: 累计升级天数 | F1: 对应怪物击杀数 | G1: 怪物经验 | H1: 任务经验
A2: 1 | B2: =G2+H2 -> 1250 | C2: =ROUND(B2,-1) -> 1250 | D2: 0.01 | E2: =SUM($D$2:D2) -> 0.01 | F2: =D2*$X$2 -> 20 | G2: =F2*怪物经验!B2 -> 1000 | H2: =任务经验!B2*任务经验!D2 -> 250 | W2: 预计每天击败怪物 | X2: 2000
A3: 2 | B3: =G3+H3 -> 2475 | C3: =ROUND(B3,-1) -> 2480 | D3: 0.02 | E3: =SUM($D$2:D3) -> 0.03 | F3: =D3*$X$2 -> 40 | G3: =F3*怪物经验!B3 -> 2200 | H3: =任务经验!B3*任务经验!D3 -> 275
A4: 3 | B4: =G4+H4 -> 3960 | C4: =ROUND(B4,-1) -> 3960 | D4: 0.03 | E4: =SUM($D$2:D4) -> 0.06 | F4: =D4*$X$2 -> 60 | G4: =F4*怪物经验!B4 -> 3600 | H4: =任务经验!B4*任务经验!D4 -> 360
A5: 4 | B5: =G5+H5 -> 5980 | C5: =ROUND(B5,-1) -> 5980 | D5: 0.04 | E5: =SUM($D$2:D5) -> 0.1 | F5: =D5*$X$2 -> 80 | G5: =F5*怪物经验!B5 -> 5200 | H5: =任务经验!B5*任务经验!D5 -> 780
A6: 5 | B6: =G6+H6 -> 7980 | C6: =ROUND(B6,-1) -> 7980 | D6: 0.05 | E6: =SUM($D$2:D6) -> 0.15 | F6: =D6*$X$2 -> 100 | G6: =F6*怪物经验!B6 -> 7000 | H6: =任务经验!B6*任务经验!D6 -> 980
A7: 6 | B7: =G7+H7 -> 10050 | C7: =ROUND(B7,-1) -> 10050 | D7: 0.06 | E7: =SUM($D$2:D7) -> 0.21 | F7: =D7*$X$2 -> 120 | G7: =F7*怪物经验!B7 -> 9000 | H7: =任务经验!B7*任务经验!D7 -> 1050
A8: 7 | B8: =G8+H8 -> 13120 | C8: =ROUND(B8,-1) -> 13120 | D8: 0.07 | E8: =SUM($D$2:D8) -> 0.28 | F8: =D8*$X$2 -> 140 | G8: =F8*怪物经验!B8 -> 11200 | H8: =任务经验!B8*任务经验!D8 -> 1920
A9: 8 | B9: =G9+H9 -> 15640 | C9: =ROUND(B9,-1) -> 15640 | D9: 0.08 | E9: =SUM($D$2:D9) -> 0.36 | F9: =D9*$X$2 -> 160 | G9: =F9*怪物经验!B9 -> 13600 | H9: =任务经验!B9*任务经验!D9 -> 2040
A10: 9 | B10: =G10+H10 -> 18630 | C10: =ROUND(B10,-1) -> 18630 | D10: 0.09 | E10: =SUM($D$2:D10) -> 0.45 | F10: =D10*$X$2 -> 180 | G10: =F10*怪物经验!B10 -> 16200 | H10: =任务经验!B10*任务经验!D10 -> 2430
A11: 10 | B11: =G11+H11 -> 21565 | C11: =ROUND(B11,-1) -> 21570 | D11: 0.1 | E11: =SUM($D$2:D11) -> 0.55 | F11: =D11*$X$2 -> 200 | G11: =F11*怪物经验!B11 -> 19000 | H11: =任务经验!B11*任务经验!D11 -> 2565
A12: 11 | B12: =G12+H12 -> 26000 | C12: =ROUND(B12,-1) -> 26000 | D12: 0.11 | E12: =SUM($D$2:D12) -> 0.66 | F12: =D12*$X$2 -> 220 | G12: =F12*怪物经验!B12 -> 22000 | H12: =任务经验!B12*任务经验!D12 -> 4000
A13: 12 | B13: =G13+H13 -> 29400 | C13: =ROUND(B13,-1) -> 29400 | D13: 0.12 | E13: =SUM($D$2:D13) -> 0.78 | F13: =D13*$X$2 -> 240 | G13: =F13*怪物经验!B13 -> 25200 | H13: =任务经验!B13*任务经验!D13 -> 4200
A14: 13 | B14: =G14+H14 -> 33440 | C14: =ROUND(B14,-1) -> 33440 | D14: 0.13 | E14: =SUM($D$2:D14) -> 0.91 | F14: =D14*$X$2 -> 260 | G14: =F14*怪物经验!B14 -> 28600 | H14: =任务经验!B14*任务经验!D14 -> 4840
... A71: 70 | B71: =G71+H71 -> 3989700 | C71: =ROUND(B71,-1) -> 3989700 | D71: 2.52 | E71: =SUM($D$2:D71) -> 61.43 | F71: =D71*$X$2 -> 5040 | G71: =F71*怪物经验!B71 -> 3931200 | H71: =任务经验!B71*任务经验!D71 -> 58500

Sheet 怪物经验
A1: 等级 | B1: 经验
A2: 1 | B2: 50
A3: 2 | B3: 55
A4: 3 | B4: 60
A5: 4 | B5: 65
A6: 5 | B6: 70
A7: 6 | B7: 75
A8: 7 | B8: 80
A9: 8 | B9: 85
A10: 9 | B10: 90
A11: 10 | B11: 95
A12: 11 | B12: 100
A13: 12 | B13: 105
... A71: 70 | B71: 780

Sheet 任务经验
A1: 等级 | B1: 任务数 | C1: 系数 | D1: 单任务经验
A2: 1 | B2: 1 | C2: 5 | D2: =C2*怪物经验!B2 -> 250
A3: 2 | B3: 1 | C3: 5 | D3: =C3*怪物经验!B3 -> 275
A4: 3 | B4: 1 | C4: 6 | D4: =C4*怪物经验!B4 -> 360
A5: 4 | B5: 2 | C5: 6 | D5: =C5*怪物经验!B5 -> 390
A6: 5 | B6: 2 | C6: 7 | D6: =C6*怪物经验!B6 -> 490
A7: 6 | B7: 2 | C7: 7 | D7: =C7*怪物经验!B7 -> 525
A8: 7 | B8: 3 | C8: 8 | D8: =C8*怪物经验!B8 -> 640
A9: 8 | B9: 3 | C9: 8 | D9: =C9*怪物经验!B9 -> 680
A10: 9 | B10: 3 | C10: 9 | D10: =C10*怪物经验!B10 -> 810
A11: 10 | B11: 3 | C11: 9 | D11: =C11*怪物经验!B11 -> 855
A12: 11 | B12: 4 | C12: 10 | D12: =C12*怪物经验!B12 -> 1000
A13: 12 | B13: 4 | C13: 10 | D13: =C13*怪物经验!B13 -> 1050
... A71: 70 | B71: 5 | C71: 15 | D71: =C71*怪物经验!B71 -> 11700
